{"cameraMode":{"drawMode":0,"name":"Shaded","section":"Shading Mode"},"sceneLighting":true,"audioPlay":false,"sceneViewState":{"showFog":true,"showMaterialUpdate":false,"showSkybox":true,"showFlares":true,"showImageEffects":true,"showParticleSystems":true},"in2DMode":false,"pivot":{"x":572.5,"y":303.4439697265625,"z":1.0226445198059083},"rotation":{"x":-0.19289858639240266,"y":0.7264467477798462,"z":-0.22615757584571839,"w":-0.6196166276931763},"size":2157.642822265625,"orthographic":false}