{"cameraMode":{"drawMode":0,"name":"Shaded","section":"Shading Mode"},"sceneLighting":false,"audioPlay":false,"sceneViewState":{"showFog":true,"showMaterialUpdate":false,"showSkybox":true,"showFlares":true,"showImageEffects":true,"showParticleSystems":true},"in2DMode":false,"pivot":{"x":62.55267333984375,"y":-0.6289324164390564,"z":-5.6048126220703129},"rotation":{"x":-0.12349992990493775,"y":0.8415566682815552,"z":-0.21695896983146668,"w":-0.47906866669654848},"size":14.176431655883789,"orthographic":false}