{"cameraMode":{"drawMode":0,"name":"Shaded","section":"Shading Mode"},"sceneLighting":false,"audioPlay":false,"sceneViewState":{"showFog":true,"showMaterialUpdate":true,"showSkybox":false,"showFlares":true,"showImageEffects":true,"showParticleSystems":true},"in2DMode":false,"pivot":{"x":-0.6915035247802734,"y":-45.51447296142578,"z":-178.05982971191407},"rotation":{"x":-0.06885150074958801,"y":0.9311485290527344,"z":-0.253507137298584,"w":-0.2528964579105377},"size":155.72216796875,"orthographic":false}